excel_row,stop_id,id,id_num,csv_stop_id,retained_rows,unique_month_hours,station_latitude,station_longitude,weather_latitude,weather_longitude,max_coordinate_offset_degrees
2,0,0,0,0,288,288,47.7682,12.947,47.80000000000023,12.9000000000001,0.046999999999899345
3,1,1,1,1,288,288,48.1577,15.9414,48.20000000000023,15.90000000000009,0.04230000000023182
4,9,9,9,9,288,288,48.3808,16.2039,48.40000000000023,16.20000000000009,0.019200000000232365
5,12,12,12,12,288,288,48.3107,16.5153,48.30000000000023,16.500000000000096,0.015299999999903946
6,14,14,14,14,288,288,48.3019,14.3189,48.30000000000023,14.300000000000097,0.01889999999990266
7,30,30,30,30,288,288,48.1339,14.8369,48.10000000000023,14.800000000000091,0.03689999999990867
8,40,40,40,40,288,288,47.8451,14.1699,47.80000000000023,14.200000000000095,0.045099999999770546
9,43,43,43,43,288,288,47.9211,13.5004,47.90000000000023,13.500000000000098,0.021099999999769636
10,46,46,46,46,288,288,47.6796,16.1228,47.70000000000022,16.10000000000009,0.022799999999911336
11,47,47,47,47,288,288,47.6789,13.1231,47.70000000000022,13.1000000000001,0.023099999999901755
12,53,53,53,53,288,288,47.5186,12.0666,47.50000000000022,12.100000000000104,0.03340000000010512
13,54,54,54,54,288,288,47.4873,13.1894,47.50000000000022,13.2000000000001,0.012700000000222644
14,59,59,59,59,288,288,47.4725,14.585,47.50000000000022,14.600000000000094,0.02750000000022368
15,65,65,65,65,288,288,47.3735,14.9921,47.40000000000022,15.000000000000092,0.026500000000218904
16,70,70,70,70,288,288,47.3126,13.3967,47.30000000000022,13.400000000000098,0.012599999999785894
17,84,84,84,84,288,288,47.1489,10.3751,47.100000000000215,10.400000000000109,0.048899999999783006
18,85,85,85,85,288,288,47.1817,10.6209,47.200000000000216,10.600000000000108,0.02089999999989267
19,95,95,95,95,288,288,47.0353,15.4173,47.00000000000021,15.400000000000093,0.03529999999978628
20,101,101,101,101,288,288,46.8133,13.5028,46.80000000000021,13.500000000000098,0.013299999999787815
21,105,105,105,105,288,288,46.7369,13.079,46.70000000000021,13.1000000000001,0.03689999999978966
22,108,108,108,108,288,288,46.7291,15.6161,46.70000000000021,15.60000000000009,0.029099999999793624
23,117,117,117,117,288,288,48.1853,15.797,48.20000000000023,15.80000000000009,0.014700000000232194
24,121,121,121,121,288,288,47.6487,12.1972,47.60000000000022,12.200000000000102,0.04869999999977637
25,131,131,131,131,288,288,48.0329,16.3369,48.00000000000023,16.300000000000093,0.036899999999906896
26,132,132,132,132,288,288,48.0046,13.8524,48.00000000000023,13.900000000000096,0.0476000000000969
27,135,135,135,135,288,288,47.1408,9.9254,47.100000000000215,9.90000000000011,0.04079999999978412
28,142,142,142,142,288,288,46.5453,14.2521,46.500000000000206,14.300000000000097,0.0479000000000962
29,143,143,143,143,288,288,48.5652,16.0647,48.60000000000024,16.10000000000009,0.035300000000091813
30,151,151,151,151,288,288,48.1863,14.0611,48.20000000000023,14.100000000000096,0.03890000000009586
31,162,162,162,162,288,288,47.9887,16.2251,48.00000000000023,16.20000000000009,0.025099999999909528
32,164,164,164,164,288,288,47.9733,16.8407,48.00000000000023,16.8000000000001,0.04069999999989804
33,174,174,174,174,288,288,47.6412,14.3315,47.60000000000022,14.300000000000097,0.04119999999977608
34,188,188,188,188,288,288,47.4208,13.6629,47.40000000000022,13.700000000000095,0.037100000000094724
35,191,191,191,191,288,288,48.1899,15.4084,48.20000000000023,15.400000000000093,0.010100000000228704
36,205,205,205,205,288,288,47.2187,9.5704,47.200000000000216,9.600000000000112,0.029600000000112203
37,213,213,213,213,288,288,47.1455,15.3308,47.100000000000215,15.300000000000091,0.045499999999783824
38,217,217,217,217,288,288,47.1177,13.5777,47.100000000000215,13.600000000000096,0.022300000000095466
39,235,235,235,235,288,288,46.7047,14.3603,46.70000000000021,14.400000000000096,0.03970000000009577
40,245,245,245,245,288,288,48.3477,14.4544,48.30000000000023,14.500000000000094,0.04769999999977159
41,259,259,259,259,288,288,47.4365,9.7235,47.40000000000022,9.700000000000111,0.03649999999978348
42,264,264,264,264,288,288,47.082,15.7396,47.100000000000215,15.70000000000009,0.039599999999909485
43,267,267,267,267,288,288,48.1961,14.5272,48.20000000000023,14.500000000000094,0.02719999999990641
44,276,276,276,276,288,288,48.406,13.4283,48.40000000000023,13.400000000000098,0.02829999999990207
45,287,287,287,287,288,288,48.1876,16.339,48.20000000000023,16.300000000000093,0.038999999999905555
46,289,289,289,289,288,288,48.1416,16.5095,48.10000000000023,16.500000000000096,0.041599999999768045
47,308,308,308,308,288,288,47.831,13.0644,47.80000000000023,13.1000000000001,0.035600000000099996
48,316,316,316,316,288,288,47.5505,14.0167,47.60000000000022,14.000000000000096,0.049500000000222144
49,318,318,318,318,288,288,47.3945,16.0816,47.40000000000022,16.10000000000009,0.018400000000088568
50,336,336,336,336,288,288,47.2566,11.3508,47.30000000000022,11.400000000000103,0.04920000000010383
51,363,363,363,363,288,288,47.8491,16.1834,47.80000000000023,16.20000000000009,0.04909999999976833
52,368,368,368,368,288,288,47.3569,11.7059,47.40000000000022,11.700000000000104,0.043100000000215744
53,370,370,370,370,288,288,47.3052,11.0789,47.30000000000022,11.100000000000106,0.021100000000105368
54,379,379,379,379,288,288,46.9292,14.8428,46.90000000000021,14.800000000000091,0.04279999999990913
55,382,382,382,382,288,288,46.6959,14.7374,46.70000000000021,14.700000000000092,0.03739999999990751
56,414,414,414,414,288,288,47.5433,9.7506,47.50000000000022,9.80000000000011,0.04940000000011047
57,425,425,425,425,288,288,47.3323,16.0609,47.30000000000022,16.10000000000009,0.03910000000009006
58,441,441,441,441,288,288,46.6193,13.983,46.60000000000021,14.000000000000096,0.019299999999795148
59,448,448,448,448,288,288,50.5235,5.6659,50.50000000000026,5.700000000000125,0.034100000000125696
60,459,459,459,459,288,288,51.1798,3.1136,51.20000000000027,3.1000000000001307,0.020200000000272667
61,461,461,461,461,288,288,51.1433,4.0925,51.10000000000027,4.100000000000131,0.04329999999973211
62,464,464,464,464,288,288,51.0617,2.6749,51.10000000000027,2.7000000000001303,0.03830000000026956
63,489,489,489,489,288,288,50.8808,4.2539,50.90000000000027,4.30000000000013,0.04610000000013059
64,497,497,497,497,288,288,50.1727,5.7903,50.20000000000026,5.800000000000125,0.027300000000259672
65,499,499,499,499,288,288,49.9785,5.6726,50.000000000000256,5.700000000000125,0.027400000000125324
66,500,500,500,500,288,288,49.8893,5.3578,49.900000000000254,5.400000000000127,0.04220000000012725
67,506,506,506,506,288,288,50.7181,4.5839,50.700000000000266,4.600000000000129,0.018099999999733996
68,523,523,523,523,288,288,51.2504,4.3842,51.300000000000274,4.40000000000013,0.0496000000002752
69,528,528,528,528,288,288,51.2211,3.4094,51.20000000000027,3.400000000000131,0.021099999999727004
70,542,542,542,542,288,288,50.9289,5.5194,50.90000000000027,5.500000000000126,0.02889999999973014
71,543,543,543,543,288,288,50.9269,3.6239,50.90000000000027,3.600000000000131,0.026899999999734803
72,544,544,544,544,288,288,50.9243,4.8544,50.90000000000027,4.900000000000128,0.045600000000128205
73,546,546,546,546,288,288,50.8694,4.5451,50.90000000000027,4.50000000000013,0.04509999999987002
74,563,563,563,563,288,288,50.635,5.8147,50.60000000000026,5.800000000000125,0.034999999999740794
75,564,564,564,564,288,288,50.6077,3.2724,50.60000000000026,3.300000000000131,0.02760000000013063
76,567,567,567,567,288,288,50.5564,4.28,50.60000000000026,4.30000000000013,0.043600000000260763
77,568,568,568,568,288,288,50.5438,3.5567,50.50000000000026,3.600000000000131,0.043799999999734496
78,570,570,570,570,288,288,50.4859,4.8907,50.50000000000026,4.900000000000128,0.014100000000262014
79,578,578,578,578,288,288,50.3602,5.6741,50.40000000000026,5.700000000000125,0.039800000000262514
80,586,586,586,586,288,288,49.7703,5.0777,49.80000000000025,5.100000000000128,0.02970000000025408
81,588,588,588,588,288,288,51.1152,4.3708,51.10000000000027,4.40000000000013,0.02920000000013001
82,590,590,590,590,288,288,50.7785,4.3006,50.80000000000027,4.30000000000013,0.021500000000266084
83,591,591,591,591,288,288,50.7753,3.1946,50.80000000000027,3.2000000000001307,0.02470000000026573
84,593,593,593,593,288,288,50.4521,3.806,50.50000000000026,3.8000000000001313,0.0479000000002614
85,600,600,600,600,288,288,51.4737,4.7262,51.50000000000028,4.700000000000129,0.026300000000276214
86,609,609,609,609,288,288,51.2892,4.3039,51.300000000000274,4.30000000000013,0.010800000000273258
87,635,635,635,635,288,288,51.1204,3.2924,51.10000000000027,3.300000000000131,0.020399999999725082
88,641,641,641,641,288,288,50.9366,5.3136,50.90000000000027,5.300000000000127,0.03659999999972996
89,644,644,644,644,288,288,50.7412,3.5576,50.700000000000266,3.600000000000131,0.04240000000013122
90,647,647,647,647,288,288,50.6926,5.6319,50.700000000000266,5.600000000000126,0.03189999999987414
91,658,658,658,658,288,288,51.0712,5.1473,51.10000000000027,5.100000000000128,0.047299999999872
92,667,667,667,667,288,288,50.7158,5.0627,50.700000000000266,5.100000000000128,0.03730000000012801
93,674,674,674,674,288,288,50.4753,4.4832,50.50000000000026,4.50000000000013,0.02470000000026573
94,677,677,677,677,288,288,49.7035,5.6242,49.70000000000025,5.600000000000126,0.024199999999874322
95,679,679,679,679,288,288,50.8963,3.1758,50.90000000000027,3.2000000000001307,0.02420000000013056
96,680,680,680,680,288,288,51.328,3.2193,51.300000000000274,3.2000000000001307,0.027999999999728686
97,692,692,692,692,288,288,50.5546,4.845,50.60000000000026,4.800000000000129,0.04540000000025657
98,694,694,694,694,288,288,50.5043,4.1791,50.50000000000026,4.200000000000131,0.020900000000130703
99,697,697,697,697,288,288,50.4601,5.9975,50.50000000000026,6.000000000000124,0.039900000000265834
100,702,702,702,702,288,288,49.6387,5.9028,49.60000000000025,5.900000000000125,0.038699999999749934
101,704,704,704,704,288,288,50.1439,5.0786,50.10000000000026,5.100000000000128,0.04389999999974492
102,708,708,708,708,288,288,51.2982,4.9744,51.300000000000274,5.000000000000128,0.025600000000127743
103,709,709,709,709,288,288,51.2443,4.7563,51.20000000000027,4.800000000000129,0.04429999999972978
104,717,717,717,717,288,288,51.0411,3.7524,51.00000000000027,3.8000000000001313,0.04760000000013109
105,730,730,730,730,288,288,50.6157,5.3967,50.60000000000026,5.400000000000127,0.01569999999973959
106,735,735,735,735,288,288,50.3869,4.992,50.40000000000026,5.000000000000128,0.013100000000264345
107,742,742,742,742,288,288,42.9082,23.8798,42.90000000000016,23.9000000000002,0.020200000000201612
108,746,746,746,746,288,288,42.3084,23.0957,42.30000000000015,23.10000000000019,0.00839999999984542
109,747,747,747,747,288,288,42.1656,24.7494,42.20000000000015,24.70000000000021,0.0493999999997925
110,750,750,750,750,288,288,41.6359,23.2007,41.600000000000136,23.20000000000019,0.03589999999986304
111,754,754,754,754,288,288,43.5484,26.4772,43.50000000000016,26.50000000000024,0.04839999999983746
112,755,755,755,755,288,288,43.162,23.6398,43.20000000000016,23.6000000000002,0.03979999999980066
113,758,758,758,758,288,288,42.7168,23.298,42.70000000000015,23.3000000000002,0.01679999999984716
114,763,763,763,763,288,288,42.2977,22.6802,42.30000000000015,22.700000000000184,0.01980000000018478
115,766,766,766,766,288,288,42.192,25.1914,42.20000000000015,25.20000000000022,0.008600000000217989
116,770,770,770,770,288,288,41.9079,25.971,41.90000000000014,26.00000000000023,0.02900000000023084
117,772,772,772,772,288,288,41.3817,23.3625,41.40000000000013,23.4000000000002,0.03750000000020037
118,777,777,777,777,288,288,43.47,25.6893,43.50000000000016,25.700000000000227,0.03000000000016456
119,779,779,779,779,288,288,43.3384,26.8162,43.30000000000016,26.80000000000024,0.03839999999983945
120,781,781,781,781,288,288,43.2551,27.4436,43.30000000000016,27.40000000000025,0.04490000000016181
121,783,783,783,783,288,288,43.0988,25.63,43.10000000000016,25.600000000000225,0.029999999999773763
122,785,785,785,785,288,288,43.0532,24.1957,43.10000000000016,24.200000000000205,0.046800000000160935
123,809,809,809,809,288,288,41.9697,23.0958,42.00000000000014,23.10000000000019,0.030300000000138994
124,811,811,811,811,288,288,41.9418,25.6078,41.90000000000014,25.600000000000225,0.04179999999985995
125,825,825,825,825,288,288,43.9317,22.8384,43.90000000000017,22.800000000000185,0.03839999999981458
126,828,828,828,828,288,288,43.8697,26.0178,43.90000000000017,26.00000000000023,0.030300000000167415
127,834,834,834,834,288,288,43.4384,24.5528,43.40000000000016,24.60000000000021,0.04720000000020974
128,835,835,835,835,288,288,43.4018,23.2555,43.40000000000016,23.3000000000002,0.04450000000019827
129,844,844,844,844,288,288,42.9452,22.9032,42.90000000000016,22.900000000000187,0.045199999999837814
130,855,855,855,855,288,288,42.6833,27.2801,42.70000000000015,27.30000000000025,0.019900000000248497
131,863,863,863,863,288,288,42.2723,24.288,42.30000000000015,24.300000000000207,0.02770000000015216
132,869,869,869,869,288,288,42.1189,25.3898,42.10000000000014,25.400000000000222,0.018899999999852923
133,875,875,875,875,288,288,41.7929,26.186,41.80000000000014,26.20000000000024,0.01400000000024093
134,887,887,887,887,288,288,47.6829,8.7163,47.70000000000022,8.700000000000115,0.0171000000002266
135,895,895,895,895,288,288,47.4224,9.2616,47.40000000000022,9.300000000000113,0.03840000000011301
136,906,906,906,906,288,288,47.212,8.6716,47.200000000000216,8.700000000000115,0.028400000000115
137,912,912,912,912,288,288,46.9653,8.3858,47.00000000000021,8.400000000000116,0.034700000000214004
138,914,914,914,914,288,288,46.8561,9.506,46.90000000000021,9.500000000000112,0.04390000000021388
139,915,915,915,915,288,288,46.6062,6.9558,46.60000000000021,7.000000000000121,0.04420000000012081
140,917,917,917,917,288,288,46.7731,7.0932,46.80000000000021,7.10000000000012,0.026900000000210866
141,929,929,929,929,288,288,46.0419,7.1481,46.0000000000002,7.10000000000012,0.048099999999879905
142,930,930,930,930,288,288,46.0006,8.913,46.0000000000002,8.900000000000114,0.012999999999886214
143,931,931,931,931,288,288,47.1379,9.0502,47.100000000000215,9.100000000000112,0.04980000000011131
144,936,936,936,936,288,288,47.5275,7.7006,47.50000000000022,7.700000000000118,0.027499999999783142
145,940,940,940,940,288,288,46.9901,7.4767,47.00000000000021,7.500000000000119,0.023300000000118892
146,944,944,944,944,288,288,46.4635,9.1865,46.500000000000206,9.200000000000111,0.036500000000202704
147,953,953,953,953,288,288,47.5306,8.8527,47.50000000000022,8.900000000000114,0.047300000000113585
148,975,975,975,975,288,288,46.77,6.6571,46.80000000000021,6.700000000000122,0.04290000000012206
149,977,977,977,977,288,288,46.7262,8.6211,46.70000000000021,8.600000000000115,0.026199999999789725
150,983,983,983,983,288,288,46.3188,8.0342,46.3000000000002,8.000000000000117,0.03419999999988299
151,984,984,984,984,288,288,46.3092,7.7111,46.3000000000002,7.700000000000118,0.01109999999988176
152,986,986,986,986,288,288,46.2224,9.042,46.2000000000002,9.000000000000114,0.04199999999988613
153,990,990,990,990,288,288,47.2287,7.6218,47.200000000000216,7.600000000000119,0.02869999999978745
154,991,991,991,991,288,288,47.0421,7.3869,47.00000000000021,7.400000000000119,0.04209999999978464
155,1003,1003,1003,1003,288,288,47.4668,9.475,47.50000000000022,9.500000000000112,0.03320000000022105
156,1010,1010,1010,1010,288,288,47.3937,8.5034,47.40000000000022,8.500000000000115,0.006300000000216244
157,1011,1011,1011,1011,288,288,47.1974,8.0652,47.200000000000216,8.100000000000117,0.03480000000011607
158,1013,1013,1013,1013,288,288,47.229,7.2244,47.200000000000216,7.20000000000012,0.0289999999997832
159,1021,1021,1021,1021,288,288,46.7127,9.4453,46.70000000000021,9.400000000000112,0.04529999999988732
160,1022,1022,1022,1022,288,288,46.1843,7.026,46.2000000000002,7.000000000000121,0.02599999999987901
161,1026,1026,1026,1026,288,288,46.5743,9.4167,46.60000000000021,9.400000000000112,0.025700000000206558
162,1029,1029,1029,1029,288,288,46.3699,6.2284,46.400000000000205,6.200000000000124,0.03010000000020341
163,1034,1034,1034,1034,288,288,46.2189,6.0623,46.2000000000002,6.100000000000124,0.03770000000012441
164,1048,1048,1048,1048,288,288,47.3412,7.2224,47.30000000000022,7.20000000000012,0.04119999999978319
165,1050,1050,1050,1050,288,288,47.3104,7.8471,47.30000000000022,7.800000000000118,0.047099999999882236
166,1053,1053,1053,1053,288,288,47.1191,8.3747,47.100000000000215,8.400000000000116,0.02530000000011512
167,1056,1056,1056,1056,288,288,46.9839,8.6122,47.00000000000021,8.600000000000115,0.01610000000021472
168,1057,1057,1057,1057,288,288,46.9611,7.211,47.00000000000021,7.20000000000012,0.03890000000021132
169,1063,1063,1063,1063,288,288,46.4385,6.9148,46.400000000000205,6.900000000000121,0.03849999999979303
170,1065,1065,1065,1065,288,288,46.2134,7.3167,46.2000000000002,7.30000000000012,0.016699999999880255
171,1066,1066,1066,1066,288,288,47.5266,8.7342,47.50000000000022,8.700000000000115,0.03419999999988477
172,1075,1075,1075,1075,288,288,46.878,7.5422,46.90000000000021,7.500000000000119,0.04219999999988122
173,1077,1077,1077,1077,288,288,47.4292,8.2362,47.40000000000022,8.200000000000117,0.03619999999988366
174,1095,1095,1095,1095,288,288,46.3924,8.8819,46.400000000000205,8.900000000000114,0.018100000000114136
175,1107,1107,1107,1107,288,288,49.0907,16.5909,49.10000000000024,16.600000000000097,0.009300000000244779
176,1108,1108,1108,1108,288,288,50.7837,14.6161,50.80000000000027,14.600000000000094,0.016300000000263992
177,1110,1110,1110,1110,288,288,50.7089,15.3157,50.700000000000266,15.300000000000091,0.015699999999908343
178,1113,1113,1113,1113,288,288,50.6776,14.0132,50.700000000000266,14.000000000000096,0.02240000000026754
179,1121,1121,1121,1121,288,288,50.5056,14.0516,50.50000000000026,14.100000000000096,0.048400000000095034
180,1125,1125,1125,1125,288,288,50.3894,14.2253,50.40000000000026,14.200000000000095,0.02529999999990551
181,1128,1128,1128,1128,288,288,50.3435,14.8718,50.30000000000026,14.900000000000093,0.04349999999973875
182,1133,1133,1133,1133,288,288,50.2131,12.1706,50.20000000000026,12.200000000000102,0.02940000000010201
183,1137,1137,1137,1137,288,288,50.1668,12.3164,50.20000000000026,12.300000000000102,0.03320000000025658
184,1143,1143,1143,1143,288,288,50.0871,14.5367,50.10000000000026,14.500000000000094,0.036699999999905586
185,1145,1145,1145,1145,288,288,50.0338,14.2158,50.000000000000256,14.200000000000095,0.03379999999974359
186,1149,1149,1149,1149,288,288,49.924,16.1864,49.900000000000254,16.20000000000009,0.023999999999745114
187,1161,1161,1161,1161,288,288,49.7129,17.0752,49.70000000000025,17.100000000000104,0.024800000000105626
188,1167,1167,1167,1167,288,288,49.6549,14.6325,49.70000000000025,14.600000000000094,0.045100000000253715
189,1175,1175,1175,1175,288,288,49.4543,15.5901,49.50000000000025,15.60000000000009,0.04570000000024521
190,1176,1176,1176,1176,288,288,49.441,15.1208,49.40000000000025,15.100000000000092,0.04099999999975523
191,1185,1185,1185,1185,288,288,49.1915,16.879,49.20000000000024,16.9000000000001,0.021000000000100272
192,1204,1204,1204,1204,288,288,49.7527,15.0205,49.80000000000025,15.000000000000092,0.04730000000025569
193,1205,1205,1205,1205,288,288,49.7027,12.9881,49.70000000000025,13.0000000000001,0.011900000000100164
194,1206,1206,1206,1206,288,288,49.6766,13.3252,49.70000000000025,13.300000000000098,0.02519999999990219
195,1209,1209,1209,1209,288,288,49.0503,17.4686,49.10000000000024,17.50000000000011,0.049700000000242994
196,1213,1213,1213,1213,288,288,50.8011,14.4316,50.80000000000027,14.400000000000096,0.03159999999990326
197,1225,1225,1225,1225,288,288,50.5654,15.1895,50.60000000000026,15.200000000000092,0.03460000000026042
198,1229,1229,1229,1229,288,288,50.4887,13.4468,50.50000000000026,13.400000000000098,0.04679999999990159
199,1234,1234,1234,1234,288,288,50.4342,15.0472,50.40000000000026,15.000000000000092,0.04719999999990776
200,1243,1243,1243,1243,288,288,50.2445,12.8995,50.20000000000026,12.9000000000001,0.04449999999974352
201,1244,1244,1244,1244,288,288,49.6206,15.1336,49.60000000000025,15.100000000000092,0.03359999999990748
202,1248,1248,1248,1248,288,288,50.1786,15.8017,50.20000000000026,15.80000000000009,0.02140000000025566
203,1249,1249,1249,1249,288,288,49.5559,17.7276,49.60000000000025,17.700000000000113,0.04410000000024894
204,1258,1258,1258,1258,288,288,50.1272,14.7125,50.10000000000026,14.700000000000092,0.02719999999974476
205,1259,1259,1259,1259,288,288,50.1202,14.5095,50.10000000000026,14.500000000000094,0.02019999999973976
206,1271,1271,1271,1271,288,288,49.9413,13.0805,49.900000000000254,13.1000000000001,0.041299999999743875
207,1286,1286,1286,1286,288,288,49.7479,16.5782,49.70000000000025,16.600000000000097,0.04789999999974981
208,1290,1290,1290,1290,288,288,49.6621,18.4564,49.70000000000025,18.500000000000124,0.04360000000012576
209,1299,1299,1299,1299,288,288,49.5285,16.582,49.50000000000025,16.600000000000097,0.02849999999975239
210,1302,1302,1302,1302,288,288,49.4814,13.5855,49.50000000000025,13.600000000000096,0.018600000000247974
211,1306,1306,1306,1306,288,288,49.4079,14.7327,49.40000000000025,14.700000000000092,0.0326999999999078
212,1318,1318,1318,1318,288,288,49.2877,16.222,49.300000000000246,16.20000000000009,0.021999999999909647
213,1320,1320,1320,1320,288,288,49.2564,14.7253,49.300000000000246,14.700000000000092,0.04360000000024655
214,1326,1326,1326,1326,288,288,49.1411,14.1836,49.10000000000024,14.200000000000095,0.04109999999975855
215,1327,1327,1327,1327,288,288,49.1397,13.2408,49.10000000000024,13.2000000000001,0.04079999999989958
216,1335,1335,1335,1335,288,288,49.036,15.8289,49.00000000000024,15.80000000000009,0.03599999999975978
217,1337,1337,1337,1337,288,288,49.0035,17.6492,49.00000000000024,17.60000000000011,0.04919999999988889
218,1341,1341,1341,1341,288,288,48.8624,16.6075,48.90000000000024,16.600000000000097,0.03760000000023922
219,1343,1343,1343,1343,288,288,48.8389,14.4558,48.80000000000024,14.500000000000094,0.044200000000094164
220,1354,1354,1354,1354,288,288,50.5511,13.7856,50.60000000000026,13.800000000000097,0.04890000000025907
221,1357,1357,1357,1357,288,288,49.9332,14.0196,49.900000000000254,14.000000000000096,0.03319999999974499
222,1359,1359,1359,1359,288,288,49.6764,12.6002,49.70000000000025,12.6000000000001,0.02360000000025053
223,1364,1364,1364,1364,288,288,49.3159,14.1365,49.300000000000246,14.100000000000096,0.036499999999904276
224,1365,1365,1365,1365,288,288,49.2339,16.5909,49.20000000000024,16.600000000000097,0.03389999999976112
225,1394,1394,1394,1394,288,288,50.0863,12.4587,50.10000000000026,12.5000000000001,0.041300000000099146
226,1400,1400,1400,1400,288,288,49.885,14.7094,49.900000000000254,14.700000000000092,0.015000000000256364
227,1418,1418,1418,1418,288,288,50.7609,15.048,50.80000000000027,15.000000000000092,0.04799999999990767
228,1421,1421,1421,1421,288,288,50.1777,15.0451,50.20000000000026,15.000000000000092,0.045099999999907325
229,1432,1432,1432,1432,288,288,49.7576,13.6165,49.80000000000025,13.600000000000096,0.042400000000256455
230,1435,1435,1435,1435,288,288,49.637,18.1,49.60000000000025,18.10000000000012,0.036999999999750344
231,1441,1441,1441,1441,288,288,49.4238,13.8653,49.40000000000025,13.900000000000096,0.034700000000096765
232,1447,1447,1447,1447,288,288,48.9906,14.5031,49.00000000000024,14.500000000000094,0.009400000000240993
233,1458,1458,1458,1458,288,288,50.4314,15.4023,50.40000000000026,15.400000000000093,0.03139999999973497
234,1462,1462,1462,1462,288,288,50.1752,13.7689,50.20000000000026,13.800000000000097,0.031100000000096273
235,1465,1465,1465,1465,288,288,50.0485,12.9894,50.000000000000256,13.0000000000001,0.048499999999741306
236,1468,1468,1468,1468,288,288,49.8485,13.3736,49.80000000000025,13.400000000000098,0.04849999999974841
237,1474,1474,1474,1474,288,288,49.5832,17.4128,49.60000000000025,17.40000000000011,0.01680000000025217
238,1479,1479,1479,1479,288,288,49.4635,17.1462,49.50000000000025,17.100000000000104,0.04619999999989588
239,1490,1490,1490,1490,288,288,53.9596,10.2616,54.00000000000031,10.300000000000107,0.040400000000310854
240,1506,1506,1506,1506,288,288,52.2011,12.8841,52.20000000000029,12.9000000000001,0.015900000000099723
241,1516,1516,1516,1516,288,288,51.0992,6.3615,51.10000000000027,6.400000000000123,0.03850000000012255
242,1524,1524,1524,1524,288,288,50.8179,6.2147,50.80000000000027,6.200000000000124,0.01789999999973446
243,1526,1526,1526,1526,288,288,50.7421,9.2538,50.700000000000266,9.300000000000113,0.046200000000112595
244,1527,1527,1527,1527,288,288,50.7264,10.8428,50.700000000000266,10.800000000000107,0.042799999999893146
245,1533,1533,1533,1533,288,288,50.3716,11.7888,50.40000000000026,11.800000000000104,0.02840000000026066
246,1534,1534,1534,1534,288,288,50.003,10.4208,50.000000000000256,10.400000000000109,0.020799999999891128
247,1535,1535,1535,1535,288,288,49.9552,10.9811,50.000000000000256,11.000000000000108,0.04480000000025797
248,1537,1537,1537,1537,288,288,49.6727,8.5969,49.70000000000025,8.600000000000115,0.027300000000252567
249,1548,1548,1548,1548,288,288,54.5192,9.4644,54.50000000000032,9.500000000000112,0.03560000000011243
250,1558,1558,1558,1558,288,288,54.2397,12.4065,54.20000000000032,12.400000000000102,0.03969999999967655
251,1569,1569,1569,1569,288,288,48.647,12.4528,48.60000000000024,12.5000000000001,0.04720000000009961
252,1571,1571,1571,1571,288,288,54.0312,12.4702,54.00000000000031,12.5000000000001,0.0311999999996857
253,1581,1581,1581,1581,288,288,53.8532,11.3803,53.90000000000031,11.400000000000103,0.04680000000031015
254,1585,1585,1585,1585,288,288,53.8046,10.4548,53.80000000000031,10.500000000000108,0.04520000000010782
255,1590,1590,1590,1590,288,288,53.7145,12.3557,53.70000000000031,12.400000000000102,0.044300000000101036
256,1592,1592,1592,1592,288,288,53.71,13.2492,53.70000000000031,13.2000000000001,0.049199999999899546
257,1599,1599,1599,1599,288,288,53.6086,11.368,53.60000000000031,11.400000000000103,0.03200000000010306
258,1630,1630,1630,1630,288,288,53.3805,11.6262,53.400000000000304,11.600000000000104,0.026199999999896306
259,1642,1642,1642,1642,288,288,53.3394,10.2864,53.3000000000003,10.300000000000107,0.03939999999969501
260,1656,1656,1656,1656,288,288,53.2303,9.3455,53.2000000000003,9.300000000000113,0.04549999999988685
261,1662,1662,1662,1662,288,288,53.1862,8.7061,53.2000000000003,8.700000000000115,0.013800000000301793
262,1665,1665,1665,1665,288,288,47.8023,12.177,47.80000000000023,12.200000000000102,0.023000000000102716
263,1698,1698,1698,1698,288,288,52.8848,8.1292,52.9000000000003,8.100000000000117,0.029199999999883985
264,1743,1743,1743,1743,288,288,52.4594,13.5046,52.50000000000029,13.500000000000098,0.04060000000028907
265,1747,1747,1747,1747,288,288,52.4384,10.8295,52.40000000000029,10.800000000000107,0.038399999999711554
266,1756,1756,1756,1756,288,288,52.3905,12.8455,52.40000000000029,12.8000000000001,0.04549999999989929
267,1775,1775,1775,1775,288,288,52.266,7.9608,52.30000000000029,8.000000000000117,0.03920000000011736
268,1802,1802,1802,1802,288,288,52.1223,10.2289,52.100000000000286,10.20000000000011,0.028899999999890014
269,1806,1806,1806,1806,288,288,52.0905,8.6747,52.100000000000286,8.700000000000115,0.02530000000011512
270,1834,1834,1834,1834,288,288,51.8917,12.4556,51.90000000000028,12.5000000000001,0.04440000000009903
271,1835,1835,1835,1835,288,288,51.8843,8.4487,51.90000000000028,8.400000000000116,0.048699999999884724
272,1837,1837,1837,1837,288,288,51.8641,10.12,51.90000000000028,10.10000000000011,0.03590000000028226
273,1843,1843,1843,1843,288,288,51.8277,11.6762,51.80000000000028,11.700000000000104,0.027699999999718727
274,1846,1846,1846,1846,288,288,51.812,8.1334,51.80000000000028,8.100000000000117,0.03339999999988308
275,1856,1856,1856,1856,288,288,51.7786,6.5148,51.80000000000028,6.500000000000123,0.02140000000028408
276,1861,1861,1861,1861,288,288,51.7487,11.7576,51.70000000000028,11.800000000000104,0.04869999999971952
277,1874,1874,1874,1874,288,288,51.6582,7.044,51.70000000000028,7.000000000000121,0.0439999999998788
278,1881,1881,1881,1881,288,288,51.6064,7.7354,51.60000000000028,7.700000000000118,0.03539999999988197
279,1890,1890,1890,1890,288,288,51.5779,6.7953,51.60000000000028,6.8000000000001215,0.022100000000278897
280,1891,1891,1891,1891,288,288,51.5756,8.7165,51.60000000000028,8.700000000000115,0.02440000000027709
281,1892,1892,1892,1892,288,288,51.5706,6.4493,51.60000000000028,6.400000000000123,0.04929999999987711
282,1910,1910,1910,1910,288,288,51.4856,10.7412,51.50000000000028,10.700000000000108,0.041199999999891546
283,1911,1911,1911,1911,288,288,51.4848,9.0339,51.50000000000028,9.000000000000114,0.033899999999885466
284,1917,1917,1917,1917,288,288,51.4472,6.8654,51.40000000000028,6.900000000000121,0.047199999999719466
285,1920,1920,1920,1920,288,288,51.4336,6.5463,51.40000000000028,6.500000000000123,0.046299999999876995
286,1924,1924,1924,1924,288,288,51.4158,10.3695,51.40000000000028,10.400000000000109,0.03050000000010833
287,1946,1946,1946,1946,288,288,51.3299,12.5928,51.300000000000274,12.6000000000001,0.02989999999972781
288,1950,1950,1950,1950,288,288,51.3109,9.5333,51.300000000000274,9.500000000000112,0.03329999999988864
289,1958,1958,1958,1958,288,288,51.2564,12.7254,51.300000000000274,12.7000000000001,0.043600000000274974
290,1984,1984,1984,1984,288,288,51.108,13.6331,51.10000000000027,13.600000000000096,0.033099999999905094
291,1993,1993,1993,1993,288,288,51.0386,6.92,51.00000000000027,6.900000000000121,0.038599999999732404
292,2004,2004,2004,2004,288,288,53.6714,9.9398,53.70000000000031,9.90000000000011,0.03979999999988948
293,2005,2005,2005,2005,288,288,50.971,7.5513,51.00000000000027,7.600000000000119,0.048700000000118315
294,2008,2008,2008,2008,288,288,50.965,10.9983,51.00000000000027,11.000000000000108,0.035000000000266596
295,2012,2012,2012,2012,288,288,50.9451,9.9597,50.90000000000027,10.00000000000011,0.04509999999972791
296,2037,2037,2037,2037,288,288,50.8245,12.6285,50.80000000000027,12.6000000000001,0.028499999999901604
297,2079,2079,2079,2079,288,288,50.613,8.414,50.60000000000026,8.400000000000116,0.013999999999883883
298,2087,2087,2087,2087,288,288,50.5711,8.685,50.60000000000026,8.700000000000115,0.028900000000255943
299,2097,2097,2097,2097,288,288,50.4827,8.6975,50.50000000000026,8.700000000000115,0.01730000000026166
300,2125,2125,2125,2125,288,288,51.828,13.9963,51.80000000000028,14.000000000000096,0.02799999999972158
301,2131,2131,2131,2131,288,288,50.3414,7.4443,50.30000000000026,7.400000000000119,0.04429999999988077
302,2156,2156,2156,2156,288,288,50.2193,7.1118,50.20000000000026,7.10000000000012,0.019299999999738304
303,2159,2159,2159,2159,288,288,50.2056,6.8185,50.20000000000026,6.8000000000001215,0.018499999999878725
304,2168,2168,2168,2168,288,288,50.1514,10.026,50.20000000000026,10.00000000000011,0.048600000000256216
305,2174,2174,2174,2174,288,288,50.1237,8.7226,50.10000000000026,8.700000000000115,0.02369999999974226
306,2180,2180,2180,2180,288,288,51.4556,12.1093,51.50000000000028,12.100000000000104,0.044400000000280215
307,2213,2213,2213,2213,288,288,49.8729,7.1256,49.900000000000254,7.10000000000012,0.027100000000253033
308,2214,2214,2214,2214,288,288,51.2096,12.031,51.20000000000027,12.000000000000105,0.030999999999895778
309,2220,2220,2220,2220,288,288,49.8466,10.9636,49.80000000000025,11.000000000000108,0.046599999999749286
310,2225,2225,2225,2225,288,288,49.8181,6.5723,49.80000000000025,6.600000000000122,0.02770000000012196
311,2244,2244,2244,2244,288,288,49.7457,9.8449,49.70000000000025,9.80000000000011,0.04569999999974783
312,2285,2285,2285,2285,288,288,50.8583,12.8713,50.90000000000027,12.9000000000001,0.041700000000268744
313,2296,2296,2296,2296,288,288,49.5324,9.5777,49.50000000000025,9.600000000000112,0.03239999999975396
314,2352,2352,2352,2352,288,288,49.3306,8.5188,49.300000000000246,8.500000000000115,0.03059999999975105
315,2353,2353,2353,2353,288,288,49.3298,12.1522,49.300000000000246,12.200000000000102,0.04780000000010176
316,2359,2359,2359,2359,288,288,49.3087,7.3243,49.300000000000246,7.30000000000012,0.024299999999880306
317,2382,2382,2382,2382,288,288,49.2415,8.9064,49.20000000000024,8.900000000000114,0.041499999999764725
318,2389,2389,2389,2389,288,288,49.2157,8.1855,49.20000000000024,8.200000000000117,0.015699999999760905
319,2396,2396,2396,2396,288,288,49.2042,9.4716,49.20000000000024,9.500000000000112,0.028400000000111447
320,2401,2401,2401,2401,288,288,49.1965,11.6792,49.20000000000024,11.700000000000104,0.02080000000010429
321,2428,2428,2428,2428,288,288,49.8739,6.8305,49.900000000000254,6.8000000000001215,0.03049999999987829
322,2441,2441,2441,2441,288,288,52.8104,9.6799,52.800000000000296,9.700000000000111,0.02010000000011125
323,2443,2443,2443,2443,288,288,48.8826,8.6593,48.90000000000024,8.700000000000115,0.040700000000114755
324,2445,2445,2445,2445,288,288,49.5943,8.289,49.60000000000025,8.300000000000116,0.011000000000116472
325,2462,2462,2462,2462,288,288,48.7748,11.3984,48.80000000000024,11.400000000000103,0.025200000000239697
326,2463,2463,2463,2463,288,288,49.3966,11.8599,49.40000000000025,11.900000000000103,0.04010000000010372
327,2464,2464,2464,2464,288,288,48.7631,11.7108,48.80000000000024,11.700000000000104,0.0369000000002373
328,2470,2470,2470,2470,288,288,48.7435,13.1067,48.70000000000024,13.1000000000001,0.043499999999760064
329,2477,2477,2477,2477,288,288,48.6902,12.6548,48.70000000000024,12.7000000000001,0.045200000000100715
330,2478,2478,2478,2478,288,288,48.6884,8.1141,48.70000000000024,8.100000000000117,0.01409999999988365
331,2488,2488,2488,2488,288,288,49.0868,9.2755,49.10000000000024,9.300000000000113,0.02450000000011343
332,2506,2506,2506,2506,288,288,48.9518,11.4307,49.00000000000024,11.400000000000103,0.04820000000024294
333,2522,2522,2522,2522,288,288,48.8085,9.0482,48.80000000000024,9.000000000000114,0.04819999999988589
334,2546,2546,2546,2546,288,288,48.2799,8.0842,48.30000000000023,8.100000000000117,0.02010000000023382
335,2552,2552,2552,2552,288,288,48.2312,12.9292,48.20000000000023,12.9000000000001,0.031199999999770966
336,2556,2556,2556,2556,288,288,48.2106,11.9546,48.20000000000023,12.000000000000105,0.04540000000010558
337,2562,2562,2562,2562,288,288,48.5528,12.1905,48.60000000000024,12.200000000000102,0.04720000000024527
338,2564,2564,2564,2564,288,288,48.1703,11.4484,48.20000000000023,11.400000000000103,0.04839999999989608
339,2583,2583,2583,2583,288,288,48.0457,8.5373,48.00000000000023,8.500000000000115,0.04569999999976915
340,2605,2605,2605,2605,288,288,48.034,10.4199,48.00000000000023,10.400000000000109,0.033999999999771546
341,2631,2631,2631,2631,288,288,47.792,8.9803,47.80000000000023,9.000000000000114,0.01970000000011396
342,2651,2651,2651,2651,288,288,47.6261,8.3876,47.60000000000022,8.400000000000116,0.0260999999997793
343,2657,2657,2657,2657,288,288,48.6062,9.6321,48.60000000000024,9.600000000000112,0.032099999999887885
344,2658,2658,2658,2658,288,288,47.6255,7.6069,47.60000000000022,7.600000000000119,0.025499999999780698
345,2663,2663,2663,2663,288,288,53.5203,13.7784,53.50000000000031,13.800000000000097,0.021600000000097097
346,2677,2677,2677,2677,288,288,52.3398,10.3575,52.30000000000029,10.400000000000109,0.042500000000108784
347,2690,2690,2690,2690,288,288,51.4879,7.927,51.50000000000028,7.900000000000118,0.026999999999882007
348,2692,2692,2692,2692,288,288,51.4592,13.8528,51.50000000000028,13.900000000000096,0.047200000000096054
349,2714,2714,2714,2714,288,288,50.7927,9.4729,50.80000000000027,9.500000000000112,0.0271000000001127
350,2725,2725,2725,2725,288,288,50.4497,6.6679,50.40000000000026,6.700000000000122,0.04969999999973851
351,2728,2728,2728,2728,288,288,50.1053,11.7037,50.10000000000026,11.700000000000104,0.005299999999742511
352,2730,2730,2730,2730,288,288,50.0037,10.1173,50.000000000000256,10.10000000000011,0.017299999999890403
353,2732,2732,2732,2732,288,288,49.8969,8.6111,49.900000000000254,8.600000000000115,0.011099999999885313
354,2736,2736,2736,2736,288,288,49.5858,10.1756,49.60000000000025,10.20000000000011,0.02440000000011011
355,2742,2742,2742,2742,288,288,49.4103,8.3411,49.40000000000025,8.300000000000116,0.04109999999988467
356,2767,2767,2767,2767,288,288,48.3074,11.2039,48.30000000000023,11.200000000000106,0.007399999999769591
357,2773,2773,2773,2773,288,288,48.1097,11.3474,48.10000000000023,11.300000000000106,0.04739999999989486
358,2777,2777,2777,2777,288,288,54.4648,13.4549,54.50000000000032,13.500000000000098,0.045100000000097396
359,2781,2781,2781,2781,288,288,54.3823,11.0944,54.40000000000032,11.100000000000106,0.017700000000317573
360,2821,2821,2821,2821,288,288,53.8946,11.4387,53.90000000000031,11.400000000000103,0.03869999999989737
361,2823,2823,2823,2823,288,288,53.8735,9.5306,53.90000000000031,9.500000000000112,0.030599999999887828
362,2874,2874,2874,2874,288,288,53.3932,7.2143,53.400000000000304,7.20000000000012,0.014299999999879631
363,2882,2882,2882,2882,288,288,53.3119,7.4571,53.3000000000003,7.500000000000119,0.0429000000001194
364,2892,2892,2892,2892,288,288,53.2093,8.0665,53.2000000000003,8.100000000000117,0.033500000000117325
365,2896,2896,2896,2896,288,288,53.1591,10.0645,53.2000000000003,10.10000000000011,0.04090000000029903
366,2906,2906,2906,2906,288,288,52.3359,7.1058,52.30000000000029,7.10000000000012,0.03589999999971383
367,2938,2938,2938,2938,288,288,52.8222,13.2149,52.800000000000296,13.2000000000001,0.022199999999706677
368,3005,3005,3005,3005,288,288,50.8895,11.8711,50.90000000000027,11.900000000000103,0.028900000000103176
369,3006,3006,3006,3006,288,288,52.3889,13.7906,52.40000000000029,13.800000000000097,0.011100000000290322
370,3021,3021,3021,3021,288,288,50.8733,12.2289,50.90000000000027,12.200000000000102,0.02889999999989712
371,3028,3028,3028,3028,288,288,52.2587,10.477,52.30000000000029,10.500000000000108,0.04130000000029099
372,3030,3030,3030,3030,288,288,52.251,7.7057,52.30000000000029,7.700000000000118,0.04900000000029081
373,3034,3034,3034,3034,288,288,52.2448,12.1477,52.20000000000029,12.100000000000104,0.04769999999989594
374,3083,3083,3083,3083,288,288,49.0825,8.2645,49.10000000000024,8.300000000000116,0.035500000000116216
375,3085,3085,3085,3085,288,288,53.8558,13.3341,53.90000000000031,13.300000000000098,0.0442000000003091
376,3086,3086,3086,3086,288,288,51.9643,6.9824,52.00000000000029,7.000000000000121,0.03570000000028983
377,3102,3102,3102,3102,288,288,53.5203,10.8082,53.50000000000031,10.800000000000107,0.020299999999686236
378,3107,3107,3107,3107,288,288,53.463,11.3429,53.50000000000031,11.300000000000106,0.04289999999989469
379,3126,3126,3126,3126,288,288,51.8098,12.2175,51.80000000000028,12.200000000000102,0.017499999999897042
380,3136,3136,3136,3136,288,288,53.2111,13.9571,53.2000000000003,14.000000000000096,0.04290000000009542
381,3140,3140,3140,3140,288,288,51.7499,9.9667,51.70000000000028,10.00000000000011,0.049899999999716727
382,3148,3148,3148,3148,288,288,53.0679,12.5326,53.1000000000003,12.5000000000001,0.03259999999990093
383,3190,3190,3190,3190,288,288,51.5227,7.2094,51.50000000000028,7.20000000000012,0.022699999999723275
384,3243,3243,3243,3243,288,288,51.3893,6.2686,51.40000000000028,6.300000000000123,0.03140000000012311
385,3245,3245,3245,3245,288,288,52.2065,8.7865,52.20000000000029,8.800000000000114,0.013500000000114198
386,3270,3270,3270,3270,288,288,51.3107,8.1554,51.300000000000274,8.200000000000117,0.044600000000116324
387,3301,3301,3301,3301,288,288,51.219,6.6977,51.20000000000027,6.700000000000122,0.018999999999728345
388,3317,3317,3317,3317,288,288,51.1736,13.8448,51.20000000000027,13.800000000000097,0.044799999999902695
389,3335,3335,3335,3335,288,288,51.1102,11.9272,51.10000000000027,11.900000000000103,0.027199999999895752
390,3341,3341,3341,3341,288,288,51.0905,13.2325,51.10000000000027,13.2000000000001,0.03249999999989939
391,3350,3350,3350,3350,288,288,51.066,6.582,51.10000000000027,6.600000000000122,0.034000000000268926
392,3361,3361,3361,3361,288,288,51.0461,7.738,51.00000000000027,7.700000000000118,0.04609999999973269
393,3367,3367,3367,3367,288,288,51.0216,7.031,51.00000000000027,7.000000000000121,0.030999999999878902
394,3418,3418,3418,3418,288,288,50.8593,6.8478,50.90000000000027,6.8000000000001215,0.04779999999987883
395,3439,3439,3439,3439,288,288,50.8033,6.1385,50.80000000000027,6.100000000000124,0.038499999999875634
396,3451,3451,3451,3451,288,288,50.6478,7.3355,50.60000000000026,7.30000000000012,0.047799999999739384
397,3468,3468,3468,3468,288,288,50.5156,7.2024,50.50000000000026,7.20000000000012,0.01559999999973627
398,3481,3481,3481,3481,288,288,50.6475,6.8019,50.60000000000026,6.8000000000001215,0.047499999999743636
399,3483,3483,3483,3483,288,288,50.3244,12.0241,50.30000000000026,12.000000000000105,0.024399999999737076
400,3508,3508,3508,3508,288,288,50.4923,9.6842,50.50000000000026,9.700000000000111,0.015800000000110614
401,3521,3521,3521,3521,288,288,50.4093,8.0715,50.40000000000026,8.100000000000117,0.028500000000116543
402,3531,3531,3531,3531,288,288,50.355,6.4317,50.40000000000026,6.400000000000123,0.045000000000264606
403,3550,3550,3550,3550,288,288,50.2863,10.9862,50.30000000000026,11.000000000000108,0.01380000000010817
404,3555,3555,3555,3555,288,288,52.8764,12.759,52.9000000000003,12.8000000000001,0.041000000000099845
405,3559,3559,3559,3559,288,288,50.2317,6.1857,50.20000000000026,6.200000000000124,0.03169999999973783
406,3574,3574,3574,3574,288,288,50.1799,9.0209,50.20000000000026,9.000000000000114,0.020899999999885566
407,3590,3590,3590,3590,288,288,50.0885,8.6358,50.10000000000026,8.600000000000115,0.03579999999988459
408,3592,3592,3592,3592,288,288,50.0641,12.18,50.10000000000026,12.200000000000102,0.03590000000025384
409,3593,3593,3593,3593,288,288,47.9703,7.7215,48.00000000000023,7.700000000000118,0.029700000000225657
410,3597,3597,3597,3597,288,288,50.0494,6.126,50.000000000000256,6.100000000000124,0.04939999999974276
411,3620,3620,3620,3620,288,288,49.9705,6.5874,50.000000000000256,6.600000000000122,0.029500000000254545
412,3622,3622,3622,3622,288,288,49.9685,8.2694,50.000000000000256,8.300000000000116,0.03150000000025699
413,3623,3623,3623,3623,288,288,49.1711,10.2415,49.20000000000024,10.20000000000011,0.041499999999890846
414,3626,3626,3626,3626,288,288,49.9599,7.9513,50.000000000000256,8.000000000000117,0.04870000000011743
415,3654,3654,3654,3654,288,288,48.8596,12.8573,48.90000000000024,12.9000000000001,0.042700000000099436
416,3674,3674,3674,3674,288,288,52.1968,8.3859,52.20000000000029,8.400000000000116,0.014100000000116353
417,3676,3676,3676,3676,288,288,49.6866,12.1247,49.70000000000025,12.100000000000104,0.02469999999989625
418,3685,3685,3685,3685,288,288,49.6675,10.8829,49.70000000000025,10.900000000000109,0.03250000000025466
419,3704,3704,3704,3704,288,288,49.6046,10.999,49.60000000000025,11.000000000000108,0.004599999999747695
420,3720,3720,3720,3720,288,288,49.5452,6.9899,49.50000000000025,7.000000000000121,0.04519999999975255
421,3725,3725,3725,3725,288,288,49.5137,7.3728,49.50000000000025,7.400000000000119,0.027200000000119573
422,3727,3727,3727,3727,288,288,49.5055,8.6249,49.50000000000025,8.600000000000115,0.024899999999885125
423,3746,3746,3746,3746,288,288,49.4424,7.6835,49.40000000000025,7.700000000000118,0.04239999999975197
424,3753,3753,3753,3753,288,288,49.4264,6.9415,49.40000000000025,6.900000000000121,0.04149999999987841
425,3781,3781,3781,3781,288,288,49.3345,11.1149,49.300000000000246,11.100000000000106,0.03449999999975262
426,3785,3785,3785,3785,288,288,49.3192,6.8667,49.300000000000246,6.900000000000121,0.033300000000121344
427,3786,3786,3786,3786,288,288,49.3188,7.5234,49.300000000000246,7.500000000000119,0.023399999999880627
428,3863,3863,3863,3863,288,288,48.9567,8.4819,49.00000000000024,8.500000000000115,0.0433000000002437
429,3895,3895,3895,3895,288,288,48.6958,9.4152,48.70000000000024,9.400000000000112,0.015199999999888192
430,3960,3960,3960,3960,288,288,48.2731,12.5502,48.30000000000023,12.6000000000001,0.049800000000098876
431,3981,3981,3981,3981,288,288,48.117,11.6387,48.10000000000023,11.600000000000104,0.038699999999895596
432,4014,4014,4014,4014,288,288,47.829,12.5883,47.80000000000023,12.6000000000001,0.02899999999976899
433,4023,4023,4023,4023,288,288,47.7715,11.3674,47.80000000000023,11.400000000000103,0.032600000000103435
434,4036,4036,4036,4036,288,288,47.6228,8.1888,47.60000000000022,8.200000000000117,0.022799999999776333
435,4046,4046,4046,4046,288,288,53.8154,10.8784,53.80000000000031,10.900000000000109,0.02160000000010953
436,4069,4069,4069,4069,288,288,52.4381,9.6098,52.40000000000029,9.600000000000112,0.0380999999997087
437,4073,4073,4073,4073,288,288,52.5037,9.8242,52.50000000000029,9.80000000000011,0.024199999999888533
438,4091,4091,4091,4091,288,288,51.8385,8.6846,51.80000000000028,8.700000000000115,0.03849999999972198
439,4124,4124,4124,4124,288,288,51.1698,14.0643,51.20000000000027,14.100000000000096,0.03570000000009621
440,4130,4130,4130,4130,288,288,51.0064,13.8095,51.00000000000027,13.800000000000097,0.009499999999903253
441,4158,4158,4158,4158,288,288,50.5595,10.7305,50.60000000000026,10.700000000000108,0.04050000000025733
442,4161,4161,4161,4161,288,288,50.4996,8.1845,50.50000000000026,8.200000000000117,0.015500000000116643
443,4174,4174,4174,4174,288,288,50.057,8.3387,50.10000000000026,8.300000000000116,0.043000000000255056
444,4184,4184,4184,4184,288,288,49.8049,8.0523,49.80000000000025,8.100000000000117,0.047700000000116205
445,4190,4190,4190,4190,288,288,49.566,12.2406,49.60000000000025,12.200000000000102,0.04059999999989827
446,4192,4192,4192,4192,288,288,49.4839,6.3739,49.50000000000025,6.400000000000123,0.026100000000123025
447,4203,4203,4203,4203,288,288,49.1744,9.7942,49.20000000000024,9.80000000000011,0.025600000000238765
448,4211,4211,4211,4211,288,288,48.8856,12.6143,48.90000000000024,12.6000000000001,0.014400000000243551
449,4223,4223,4223,4223,288,288,48.5232,10.083,48.50000000000024,10.10000000000011,0.02319999999976119
450,4227,4227,4227,4227,288,288,48.3712,8.6942,48.40000000000023,8.700000000000115,0.028800000000231307
451,4244,4244,4244,4244,288,288,47.8012,9.9823,47.80000000000023,10.00000000000011,0.01770000000010974
452,4248,4248,4248,4248,288,288,54.8246,9.4201,54.80000000000032,9.400000000000112,0.024599999999679767
453,4249,4249,4249,4249,288,288,52.7048,13.0664,52.70000000000029,13.1000000000001,0.03360000000009933
454,4273,4273,4273,4273,288,288,53.5485,13.2552,53.50000000000031,13.300000000000098,0.04849999999968446
455,4298,4298,4298,4298,288,288,53.0378,8.5964,53.0000000000003,8.600000000000115,0.03779999999969874
456,4331,4331,4331,4331,288,288,52.3123,13.6108,52.30000000000029,13.600000000000096,0.012299999999711986
457,4357,4357,4357,4357,288,288,49.2587,10.5012,49.300000000000246,10.500000000000108,0.04130000000024836
458,4358,4358,4358,4358,288,288,51.8972,6.1664,51.90000000000028,6.200000000000124,0.03360000000012331
459,4374,4374,4374,4374,288,288,54.2183,10.898,54.20000000000032,10.900000000000109,0.018299999999676686
460,4398,4398,4398,4398,288,288,53.5682,10.3027,53.60000000000031,10.300000000000107,0.03180000000030958
461,4401,4401,4401,4401,288,288,53.5428,10.027,53.50000000000031,10.00000000000011,0.04279999999968709
462,4410,4410,4410,4410,288,288,53.2851,12.073,53.3000000000003,12.100000000000104,0.027000000000104052
463,4428,4428,4428,4428,288,288,53.0534,9.0319,53.1000000000003,9.000000000000114,0.046600000000296404
464,4436,4436,4436,4436,288,288,52.8858,8.2829,52.9000000000003,8.300000000000116,0.017100000000116466
465,4440,4440,4440,4440,288,288,52.8834,13.7041,52.9000000000003,13.700000000000095,0.016600000000295267
466,4468,4468,4468,4468,288,288,52.3416,7.3978,52.30000000000029,7.400000000000119,0.0415999999997112
467,4469,4469,4469,4469,288,288,52.338,12.6455,52.30000000000029,12.6000000000001,0.045499999999901064
468,4483,4483,4483,4483,288,288,52.1993,11.2463,52.20000000000029,11.200000000000106,0.04629999999989387
469,4507,4507,4507,4507,288,288,51.8407,7.5868,51.80000000000028,7.600000000000119,0.04069999999971685
470,4542,4542,4542,4542,288,288,51.5687,8.2035,51.60000000000028,8.200000000000117,0.03130000000027877
471,4575,4575,4575,4575,288,288,51.3234,12.3321,51.300000000000274,12.300000000000102,0.03209999999989854
472,4579,4579,4579,4579,288,288,51.2885,7.5705,51.300000000000274,7.600000000000119,0.029500000000118654
473,4609,4609,4609,4609,288,288,50.9925,10.4459,51.00000000000027,10.400000000000109,0.04589999999989125
474,4618,4618,4618,4618,288,288,50.9399,9.5405,50.90000000000027,9.500000000000112,0.04049999999988785
475,4626,4626,4626,4626,288,288,53.9233,9.941,53.90000000000031,9.90000000000011,0.040999999999890235
476,4711,4711,4711,4711,288,288,50.133,7.5923,50.10000000000026,7.600000000000119,0.032999999999745455
477,4727,4727,4727,4727,288,288,49.9907,9.1018,50.000000000000256,9.100000000000112,0.00930000000025899
478,4735,4735,4735,4735,288,288,49.9375,12.2275,49.900000000000254,12.200000000000102,0.037499999999745626
479,4772,4772,4772,4772,288,288,51.7614,14.3489,51.80000000000028,14.300000000000097,0.0488999999999038
480,4781,4781,4781,4781,288,288,49.457,7.8464,49.50000000000025,7.800000000000118,0.04639999999988209
481,4801,4801,4801,4801,288,288,49.2725,7.1588,49.300000000000246,7.20000000000012,0.04120000000011981
482,4827,4827,4827,4827,288,288,48.9997,12.1474,49.00000000000024,12.100000000000104,0.04739999999989486
483,4874,4874,4874,4874,288,288,48.2678,10.1148,48.30000000000023,10.10000000000011,0.03220000000023049
484,4895,4895,4895,4895,288,288,47.9839,10.1517,48.00000000000023,10.20000000000011,0.04830000000010948
485,4901,4901,4901,4901,288,288,47.906,11.7177,47.90000000000023,11.700000000000104,0.017699999999896576
486,4926,4926,4926,4926,288,288,47.7025,10.3115,47.70000000000022,10.300000000000107,0.011499999999893262
487,4952,4952,4952,4952,288,288,54.0915,9.9294,54.10000000000032,9.90000000000011,0.02939999999988885
488,4953,4953,4953,4953,288,288,54.0763,12.1218,54.10000000000032,12.100000000000104,0.0237000000003178
489,4954,4954,4954,4954,288,288,54.0703,10.7562,54.10000000000032,10.800000000000107,0.04380000000010753
490,4956,4956,4956,4956,288,288,52.3207,14.3864,52.30000000000029,14.400000000000096,0.020699999999713725
491,4964,4964,4964,4964,288,288,53.8569,10.6353,53.90000000000031,10.600000000000108,0.043100000000308114
492,4973,4973,4973,4973,288,288,53.5223,8.5802,53.50000000000031,8.600000000000115,0.02229999999968868
493,4993,4993,4993,4993,288,288,53.0647,7.2476,53.1000000000003,7.20000000000012,0.04759999999988018
494,5004,5004,5004,5004,288,288,52.7558,7.1646,52.800000000000296,7.20000000000012,0.04420000000029489
495,5008,5008,5008,5008,288,288,52.6369,8.1495,52.60000000000029,8.100000000000117,0.04949999999988286
496,5019,5019,5019,5019,288,288,52.3328,9.8648,52.30000000000029,9.90000000000011,0.03520000000010981
497,5037,5037,5037,5037,288,288,52.2086,13.6079,52.20000000000029,13.600000000000096,0.00859999999970995
498,5047,5047,5047,5047,288,288,51.8886,13.8374,51.90000000000028,13.800000000000097,0.037399999999903955
499,5068,5068,5068,5068,288,288,51.4877,7.4822,51.50000000000028,7.500000000000119,0.017800000000119276
500,5071,5071,5071,5071,288,288,51.4398,11.9832,51.40000000000028,12.000000000000105,0.039799999999715396
501,5079,5079,5079,5079,288,288,51.3721,7.4139,51.40000000000028,7.400000000000119,0.02790000000027959
